[{"model": "auth.permission", "pk": 1, "fields": {"name": "Can add log entry", "content_type": 1, "codename": "add_logentry"}}, {"model": "auth.permission", "pk": 2, "fields": {"name": "Can change log entry", "content_type": 1, "codename": "change_logentry"}}, {"model": "auth.permission", "pk": 3, "fields": {"name": "Can delete log entry", "content_type": 1, "codename": "delete_logentry"}}, {"model": "auth.permission", "pk": 4, "fields": {"name": "Can view log entry", "content_type": 1, "codename": "view_logentry"}}, {"model": "auth.permission", "pk": 5, "fields": {"name": "Can add permission", "content_type": 2, "codename": "add_permission"}}, {"model": "auth.permission", "pk": 6, "fields": {"name": "Can change permission", "content_type": 2, "codename": "change_permission"}}, {"model": "auth.permission", "pk": 7, "fields": {"name": "Can delete permission", "content_type": 2, "codename": "delete_permission"}}, {"model": "auth.permission", "pk": 8, "fields": {"name": "Can view permission", "content_type": 2, "codename": "view_permission"}}, {"model": "auth.permission", "pk": 9, "fields": {"name": "Can add group", "content_type": 3, "codename": "add_group"}}, {"model": "auth.permission", "pk": 10, "fields": {"name": "Can change group", "content_type": 3, "codename": "change_group"}}, {"model": "auth.permission", "pk": 11, "fields": {"name": "Can delete group", "content_type": 3, "codename": "delete_group"}}, {"model": "auth.permission", "pk": 12, "fields": {"name": "Can view group", "content_type": 3, "codename": "view_group"}}, {"model": "auth.permission", "pk": 13, "fields": {"name": "Can add user", "content_type": 4, "codename": "add_user"}}, {"model": "auth.permission", "pk": 14, "fields": {"name": "Can change user", "content_type": 4, "codename": "change_user"}}, {"model": "auth.permission", "pk": 15, "fields": {"name": "Can delete user", "content_type": 4, "codename": "delete_user"}}, {"model": "auth.permission", "pk": 16, "fields": {"name": "Can view user", "content_type": 4, "codename": "view_user"}}, {"model": "auth.permission", "pk": 17, "fields": {"name": "Can add content type", "content_type": 5, "codename": "add_contenttype"}}, {"model": "auth.permission", "pk": 18, "fields": {"name": "Can change content type", "content_type": 5, "codename": "change_contenttype"}}, {"model": "auth.permission", "pk": 19, "fields": {"name": "Can delete content type", "content_type": 5, "codename": "delete_contenttype"}}, {"model": "auth.permission", "pk": 20, "fields": {"name": "Can view content type", "content_type": 5, "codename": "view_contenttype"}}, {"model": "auth.permission", "pk": 21, "fields": {"name": "Can add session", "content_type": 6, "codename": "add_session"}}, {"model": "auth.permission", "pk": 22, "fields": {"name": "Can change session", "content_type": 6, "codename": "change_session"}}, {"model": "auth.permission", "pk": 23, "fields": {"name": "Can delete session", "content_type": 6, "codename": "delete_session"}}, {"model": "auth.permission", "pk": 24, "fields": {"name": "Can view session", "content_type": 6, "codename": "view_session"}}, {"model": "auth.permission", "pk": 25, "fields": {"name": "Can add employee", "content_type": 7, "codename": "add_employee"}}, {"model": "auth.permission", "pk": 26, "fields": {"name": "Can change employee", "content_type": 7, "codename": "change_employee"}}, {"model": "auth.permission", "pk": 27, "fields": {"name": "Can delete employee", "content_type": 7, "codename": "delete_employee"}}, {"model": "auth.permission", "pk": 28, "fields": {"name": "Can view employee", "content_type": 7, "codename": "view_employee"}}, {"model": "auth.permission", "pk": 29, "fields": {"name": "Can add item", "content_type": 8, "codename": "add_item"}}, {"model": "auth.permission", "pk": 30, "fields": {"name": "Can change item", "content_type": 8, "codename": "change_item"}}, {"model": "auth.permission", "pk": 31, "fields": {"name": "Can delete item", "content_type": 8, "codename": "delete_item"}}, {"model": "auth.permission", "pk": 32, "fields": {"name": "Can view item", "content_type": 8, "codename": "view_item"}}, {"model": "auth.permission", "pk": 33, "fields": {"name": "Can add sale", "content_type": 9, "codename": "add_sale"}}, {"model": "auth.permission", "pk": 34, "fields": {"name": "Can change sale", "content_type": 9, "codename": "change_sale"}}, {"model": "auth.permission", "pk": 35, "fields": {"name": "Can delete sale", "content_type": 9, "codename": "delete_sale"}}, {"model": "auth.permission", "pk": 36, "fields": {"name": "Can view sale", "content_type": 9, "codename": "view_sale"}}, {"model": "auth.permission", "pk": 37, "fields": {"name": "Can add new price", "content_type": 10, "codename": "add_newprice"}}, {"model": "auth.permission", "pk": 38, "fields": {"name": "Can change new price", "content_type": 10, "codename": "change_newprice"}}, {"model": "auth.permission", "pk": 39, "fields": {"name": "Can delete new price", "content_type": 10, "codename": "delete_newprice"}}, {"model": "auth.permission", "pk": 40, "fields": {"name": "Can view new price", "content_type": 10, "codename": "view_newprice"}}, {"model": "auth.user", "pk": 1, "fields": {"password": "pbkdf2_sha256$260000$7qseiNg8tukddhm11IWHr2$PNaAOI37tWTkjQAwgQ5YP+0/3iCF4UBEBxowUgH5EsM=", "last_login": "2021-09-27T12:22:19.084Z", "is_superuser": true, "username": "admin", "first_name": "", "last_name": "", "email": "admin@admin.admin", "is_staff": true, "is_active": true, "date_joined": "2021-09-20T17:05:14.178Z", "groups": [], "user_permissions": []}}, {"model": "auth.user", "pk": 2, "fields": {"password": "pbkdf2_sha256$260000$6foORA5dwoqIPbcGG5rhDX$JTmV8fGEutqWas58OQMcLXO8m7Ehau5IhcxXq3K1txM=", "last_login": "2021-09-25T09:58:47.978Z", "is_superuser": false, "username": "alex", "first_name": "", "last_name": "", "email": "alex@alex.com", "is_staff": false, "is_active": true, "date_joined": "2021-09-23T10:18:48.444Z", "groups": [], "user_permissions": []}}, {"model": "contenttypes.contenttype", "pk": 1, "fields": {"app_label": "admin", "model": "logentry"}}, {"model": "contenttypes.contenttype", "pk": 2, "fields": {"app_label": "auth", "model": "permission"}}, {"model": "contenttypes.contenttype", "pk": 3, "fields": {"app_label": "auth", "model": "group"}}, {"model": "contenttypes.contenttype", "pk": 4, "fields": {"app_label": "auth", "model": "user"}}, {"model": "contenttypes.contenttype", "pk": 5, "fields": {"app_label": "contenttypes", "model": "contenttype"}}, {"model": "contenttypes.contenttype", "pk": 6, "fields": {"app_label": "sessions", "model": "session"}}, {"model": "contenttypes.contenttype", "pk": 7, "fields": {"app_label": "app", "model": "employee"}}, {"model": "contenttypes.contenttype", "pk": 8, "fields": {"app_label": "app", "model": "item"}}, {"model": "contenttypes.contenttype", "pk": 9, "fields": {"app_label": "app", "model": "sale"}}, {"model": "contenttypes.contenttype", "pk": 10, "fields": {"app_label": "app", "model": "newprice"}}, {"model": "sessions.session", "pk": "lvqwvxrbgmshymyz9wyfoh510n77hx64", "fields": {"session_data": ".eJxVjDsOwjAQBe_iGln-JRtT0nMGa727wQEUS3FSIe4OkVJA-2bmvVTCbS1pa7KkidVZOXX63TLSQ-Yd8B3nW9VU53WZst4VfdCmr5XleTncv4OCrXzrwEI9eZON8RglG_BgO3RDsMAgPhJSBrGhF0tD5wfuBEY7ErsxWvDq_QHmkDgA:1mTshu:TVGISri-xaXB9nhdL2uOuKoLEox65sj_B8lYgpJRRo0", "expire_date": "2021-10-08T21:26:10.744Z"}}, {"model": "sessions.session", "pk": "zps4kehg53nkrdf7zd1h0x7h6bpmryq7", "fields": {"session_data": ".eJxVjMEOwiAQRP-FsyEs7UL16N1vIMuySNXQpLQn47_bJj1oMqd5b-atAq1LCWuTOYxJXRSo028XiZ9Sd5AeVO-T5qku8xj1ruiDNn2bkryuh_t3UKiVbY3OY8IYEdk6J9b3ZrAw9MDsjQiISWfoPBGDzYYlW5aOosuYtxCrzxfTWziD:1mUpeF:SDXxuuAJ0rwchIYBJBNP1iMJv3ubfyP8Qqv6WQU4_pA", "expire_date": "2021-10-11T12:22:19.093Z"}}, {"model": "app.employee", "pk": "6d7a6f1c-38f0-46a1-9eaf-032808767a6b", "fields": {"name": "Horns and hooves", "email": "Horns@hooves.com", "phone": "+380938800555", "address": "Odessa, Deribasovksya str, 1"}}, {"model": "app.employee", "pk": "813df0df-e3ca-4891-84f2-04f21b044957", "fields": {"name": "NoName company", "email": null, "phone": null, "address": null}}, {"model": "app.item", "pk": "044cb8d1-9295-4f9e-bbb9-2d1699ffd62d", "fields": {"title": "Garlic", "price": 9, "description": "Smells", "seller": "6d7a6f1c-38f0-46a1-9eaf-032808767a6b", "create_date": "2021-09-23T11:53:53.464Z"}}, {"model": "app.item", "pk": "0479832d-6005-407e-8107-03bb5fb52e57", "fields": {"title": "Carrot", "price": 5, "description": "Red", "seller": "6d7a6f1c-38f0-46a1-9eaf-032808767a6b", "create_date": "2021-09-23T11:51:04.150Z"}}, {"model": "app.item", "pk": "1f6a5451-ea4f-4dbe-80dd-6b0cc2923260", "fields": {"title": "Orange", "price": 3, "description": "Orange", "seller": "813df0df-e3ca-4891-84f2-04f21b044957", "create_date": "2021-09-23T11:52:13.705Z"}}, {"model": "app.item", "pk": "210dbe51-9069-4883-be8c-7078a899a1cd", "fields": {"title": "Lemon", "price": 7, "description": "Yellow", "seller": "813df0df-e3ca-4891-84f2-04f21b044957", "create_date": "2021-09-23T11:51:21.295Z"}}, {"model": "app.item", "pk": "4a1bd774-4b74-41f1-ba44-124febc38925", "fields": {"title": "Celery", "price": 12, "description": "Buy it", "seller": "6d7a6f1c-38f0-46a1-9eaf-032808767a6b", "create_date": "2021-09-23T11:55:39.151Z"}}, {"model": "app.item", "pk": "504cfea1-9cb3-4c8d-9e9a-8e07e88aa407", "fields": {"title": "Apple", "price": 4, "description": "Juice fruit", "seller": "6d7a6f1c-38f0-46a1-9eaf-032808767a6b", "create_date": "2021-09-20T18:13:05.535Z"}}, {"model": "app.item", "pk": "59ee489b-f9f4-4334-a3cb-2bf5f1f0ef11", "fields": {"title": "Grape", "price": 5, "description": "Purple and delicious", "seller": "6d7a6f1c-38f0-46a1-9eaf-032808767a6b", "create_date": "2021-09-20T18:15:09.467Z"}}, {"model": "app.item", "pk": "69f0d658-42c3-480d-87e6-9691c29352ab", "fields": {"title": "Bottle water", "price": 2, "description": "If you want to drink", "seller": "6d7a6f1c-38f0-46a1-9eaf-032808767a6b", "create_date": "2021-09-20T18:17:11.384Z"}}, {"model": "app.item", "pk": "70046592-2d50-4080-a497-cd64057bd95a", "fields": {"title": "Banana", "price": 3, "description": "Big and yellow", "seller": "6d7a6f1c-38f0-46a1-9eaf-032808767a6b", "create_date": "2021-09-20T18:13:46.545Z"}}, {"model": "app.item", "pk": "c593fe03-145b-46bb-bd84-59f629b6267c", "fields": {"title": "Pineapple", "price": 20, "description": "You eat it, it eats you", "seller": "813df0df-e3ca-4891-84f2-04f21b044957", "create_date": "2021-09-20T18:16:00.545Z"}}, {"model": "app.item", "pk": "c5eb115e-5761-437b-9987-eb57bb89bdde", "fields": {"title": "Mushroom", "price": 8, "description": "White", "seller": "6d7a6f1c-38f0-46a1-9eaf-032808767a6b", "create_date": "2021-09-23T11:54:20.164Z"}}, {"model": "app.item", "pk": "cbf6c60f-3074-4d95-9363-1e1dc3f96e73", "fields": {"title": "Tomatoe", "price": 6, "description": "Red", "seller": "813df0df-e3ca-4891-84f2-04f21b044957", "create_date": "2021-09-23T11:53:14.733Z"}}, {"model": "app.item", "pk": "e2d6b00b-97ce-43e5-9ef7-0017ed8883e8", "fields": {"title": "Avocado", "price": 6, "description": "Green", "seller": "813df0df-e3ca-4891-84f2-04f21b044957", "create_date": "2021-09-23T11:54:46.079Z"}}, {"model": "app.item", "pk": "e7c14801-c970-4de9-84d8-9cdc8bcf895c", "fields": {"title": "Something expensive", "price": 92, "description": "You don't need it", "seller": "6d7a6f1c-38f0-46a1-9eaf-032808767a6b", "create_date": "2021-09-20T18:18:49.105Z"}}, {"model": "app.item", "pk": "f2a11a72-361b-405f-ab31-2b314208368f", "fields": {"title": "Peache", "price": 6, "description": "Pink", "seller": "6d7a6f1c-38f0-46a1-9eaf-032808767a6b", "create_date": "2021-09-23T11:52:43.677Z"}}, {"model": "app.item", "pk": "f50b5d07-3068-47d1-b1bd-8f4f666a6548", "fields": {"title": "Pumpkin", "price": 10, "description": "So big", "seller": "6d7a6f1c-38f0-46a1-9eaf-032808767a6b", "create_date": "2021-09-23T11:51:53.623Z"}}, {"model": "app.item", "pk": "fa80429d-d3b7-4058-8cad-35873e0209d2", "fields": {"title": "Blackberrie", "price": 12, "description": "Black", "seller": "6d7a6f1c-38f0-46a1-9eaf-032808767a6b", "create_date": "2021-09-23T11:55:09.500Z"}}, {"model": "app.sale", "pk": "20bb3d78-47b0-4053-90f1-2e7e9c5042a8", "fields": {"item": "e7c14801-c970-4de9-84d8-9cdc8bcf895c", "quantity": 5, "final_price": 500, "buyer": 1, "seller": "813df0df-e3ca-4891-84f2-04f21b044957", "create_date": "2021-09-23T10:19:05.996Z"}}, {"model": "app.sale", "pk": "35e15f3c-4a5a-4ce6-8642-3c82cd7911c6", "fields": {"item": "c593fe03-145b-46bb-bd84-59f629b6267c", "quantity": 3, "final_price": 30, "buyer": 1, "seller": "6d7a6f1c-38f0-46a1-9eaf-032808767a6b", "create_date": "2021-09-21T14:20:54.433Z"}}, {"model": "app.sale", "pk": "398fdf07-9874-4caa-b019-19dd088aed60", "fields": {"item": "e2d6b00b-97ce-43e5-9ef7-0017ed8883e8", "quantity": 10, "final_price": 60, "buyer": 2, "seller": "813df0df-e3ca-4891-84f2-04f21b044957", "create_date": "2021-09-24T20:30:39.750Z"}}, {"model": "app.sale", "pk": "70a9a718-3aa6-487a-9a8e-4154c583ec88", "fields": {"item": "4a1bd774-4b74-41f1-ba44-124febc38925", "quantity": 1, "final_price": 12, "buyer": 2, "seller": "6d7a6f1c-38f0-46a1-9eaf-032808767a6b", "create_date": "2021-09-23T13:32:20.647Z"}}, {"model": "app.sale", "pk": "7f19a8ed-367a-4a06-8226-9492459f0aba", "fields": {"item": "70046592-2d50-4080-a497-cd64057bd95a", "quantity": 6, "final_price": 12, "buyer": 1, "seller": "813df0df-e3ca-4891-84f2-04f21b044957", "create_date": "2021-09-21T14:31:25.763Z"}}, {"model": "app.sale", "pk": "8052db93-a0ca-4cd9-9812-2309f55138f3", "fields": {"item": "fa80429d-d3b7-4058-8cad-35873e0209d2", "quantity": 3, "final_price": 33, "buyer": 2, "seller": "813df0df-e3ca-4891-84f2-04f21b044957", "create_date": "2021-09-23T13:33:17.780Z"}}, {"model": "app.sale", "pk": "e525bd54-e027-47ba-b119-36668b81fe69", "fields": {"item": "cbf6c60f-3074-4d95-9363-1e1dc3f96e73", "quantity": 5, "final_price": 30, "buyer": 2, "seller": "813df0df-e3ca-4891-84f2-04f21b044957", "create_date": "2021-09-25T09:59:20.839Z"}}, {"model": "app.newprice", "pk": "031253f7-5a22-4e13-b3c6-c817988eef7a", "fields": {"item": "044cb8d1-9295-4f9e-bbb9-2d1699ffd62d", "new_price": 9, "seller": "6d7a6f1c-38f0-46a1-9eaf-032808767a6b", "changes_date": "2021-09-23T15:39:18.172Z"}}, {"model": "app.newprice", "pk": "09198bc9-eafb-4d56-af10-0aab06c4c520", "fields": {"item": "f50b5d07-3068-47d1-b1bd-8f4f666a6548", "new_price": 10, "seller": "6d7a6f1c-38f0-46a1-9eaf-032808767a6b", "changes_date": "2021-09-25T10:00:00.841Z"}}, {"model": "app.newprice", "pk": "0af1bfec-c068-47ef-bff3-29126cac153a", "fields": {"item": "59ee489b-f9f4-4334-a3cb-2bf5f1f0ef11", "new_price": 5, "seller": "6d7a6f1c-38f0-46a1-9eaf-032808767a6b", "changes_date": "2021-09-23T15:39:07.237Z"}}, {"model": "app.newprice", "pk": "1e0942e7-3dff-4ba8-88ca-4a8adc1e1ac6", "fields": {"item": "fa80429d-d3b7-4058-8cad-35873e0209d2", "new_price": 12, "seller": "6d7a6f1c-38f0-46a1-9eaf-032808767a6b", "changes_date": "2021-09-23T15:38:32.765Z"}}, {"model": "app.newprice", "pk": "1e73b459-a9b8-4e85-9b3d-ec5786f58445", "fields": {"item": "e7c14801-c970-4de9-84d8-9cdc8bcf895c", "new_price": 90, "seller": "813df0df-e3ca-4891-84f2-04f21b044957", "changes_date": "2021-09-23T15:22:48.102Z"}}, {"model": "app.newprice", "pk": "3be5d532-bb02-4cbb-a684-da74b07b1fe2", "fields": {"item": "210dbe51-9069-4883-be8c-7078a899a1cd", "new_price": 7, "seller": "813df0df-e3ca-4891-84f2-04f21b044957", "changes_date": "2021-09-23T15:38:27.279Z"}}, {"model": "app.newprice", "pk": "7528285d-611e-4692-926d-04fad74130a0", "fields": {"item": "e7c14801-c970-4de9-84d8-9cdc8bcf895c", "new_price": 92, "seller": "6d7a6f1c-38f0-46a1-9eaf-032808767a6b", "changes_date": "2021-09-23T15:38:43.037Z"}}, {"model": "app.newprice", "pk": "8125779c-1b78-4bd3-9c0e-1d93489d963c", "fields": {"item": "c593fe03-145b-46bb-bd84-59f629b6267c", "new_price": 11, "seller": "813df0df-e3ca-4891-84f2-04f21b044957", "changes_date": "2021-09-23T15:38:52.466Z"}}, {"model": "app.newprice", "pk": "85993075-f273-4589-a9da-4a3a3e4314aa", "fields": {"item": "c593fe03-145b-46bb-bd84-59f629b6267c", "new_price": 20, "seller": "813df0df-e3ca-4891-84f2-04f21b044957", "changes_date": "2021-09-23T15:39:24.523Z"}}, {"model": "app.newprice", "pk": "8ae1f3e5-c250-4a40-b277-3f95a23f4de1", "fields": {"item": "cbf6c60f-3074-4d95-9363-1e1dc3f96e73", "new_price": 6, "seller": "813df0df-e3ca-4891-84f2-04f21b044957", "changes_date": "2021-09-23T15:39:30.957Z"}}, {"model": "app.newprice", "pk": "a7a7ce65-f172-4b8d-bdea-f4005de4141c", "fields": {"item": "c5eb115e-5761-437b-9987-eb57bb89bdde", "new_price": 8, "seller": "6d7a6f1c-38f0-46a1-9eaf-032808767a6b", "changes_date": "2021-09-23T15:39:37.766Z"}}, {"model": "app.newprice", "pk": "bea9b997-5ac4-4a5d-b83c-3dad4ad22024", "fields": {"item": "70046592-2d50-4080-a497-cd64057bd95a", "new_price": 3, "seller": "6d7a6f1c-38f0-46a1-9eaf-032808767a6b", "changes_date": "2021-09-23T15:38:58.819Z"}}, {"model": "admin.logentry", "pk": 1, "fields": {"action_time": "2021-09-20T18:10:08.484Z", "user": 1, "content_type": 7, "object_id": "6d7a6f1c-38f0-46a1-9eaf-032808767a6b", "object_repr": "Employee object (6d7a6f1c-38f0-46a1-9eaf-032808767a6b)", "action_flag": 1, "change_message": "[{\"added\": {}}]"}}, {"model": "admin.logentry", "pk": 2, "fields": {"action_time": "2021-09-20T18:13:05.536Z", "user": 1, "content_type": 8, "object_id": "504cfea1-9cb3-4c8d-9e9a-8e07e88aa407", "object_repr": "Apple $3 from Horns and hooves", "action_flag": 1, "change_message": "[{\"added\": {}}]"}}, {"model": "admin.logentry", "pk": 3, "fields": {"action_time": "2021-09-20T18:13:46.546Z", "user": 1, "content_type": 8, "object_id": "70046592-2d50-4080-a497-cd64057bd95a", "object_repr": "Banana $2 from Horns and hooves", "action_flag": 1, "change_message": "[{\"added\": {}}]"}}, {"model": "admin.logentry", "pk": 4, "fields": {"action_time": "2021-09-20T18:15:09.468Z", "user": 1, "content_type": 8, "object_id": "59ee489b-f9f4-4334-a3cb-2bf5f1f0ef11", "object_repr": "Grape $4 from Horns and hooves", "action_flag": 1, "change_message": "[{\"added\": {}}]"}}, {"model": "admin.logentry", "pk": 5, "fields": {"action_time": "2021-09-20T18:16:00.546Z", "user": 1, "content_type": 8, "object_id": "c593fe03-145b-46bb-bd84-59f629b6267c", "object_repr": "Pineapple $10 from Horns and hooves", "action_flag": 1, "change_message": "[{\"added\": {}}]"}}, {"model": "admin.logentry", "pk": 6, "fields": {"action_time": "2021-09-20T18:17:11.385Z", "user": 1, "content_type": 8, "object_id": "69f0d658-42c3-480d-87e6-9691c29352ab", "object_repr": "Bottle water $2 from Horns and hooves", "action_flag": 1, "change_message": "[{\"added\": {}}]"}}, {"model": "admin.logentry", "pk": 7, "fields": {"action_time": "2021-09-20T18:17:50.500Z", "user": 1, "content_type": 7, "object_id": "813df0df-e3ca-4891-84f2-04f21b044957", "object_repr": "NoName company", "action_flag": 1, "change_message": "[{\"added\": {}}]"}}, {"model": "admin.logentry", "pk": 8, "fields": {"action_time": "2021-09-20T18:18:49.106Z", "user": 1, "content_type": 8, "object_id": "e7c14801-c970-4de9-84d8-9cdc8bcf895c", "object_repr": "Something expensive $100 from NoName company", "action_flag": 1, "change_message": "[{\"added\": {}}]"}}, {"model": "admin.logentry", "pk": 9, "fields": {"action_time": "2021-09-23T11:51:04.151Z", "user": 1, "content_type": 8, "object_id": "0479832d-6005-407e-8107-03bb5fb52e57", "object_repr": "Carrot $5", "action_flag": 1, "change_message": "[{\"added\": {}}]"}}, {"model": "admin.logentry", "pk": 10, "fields": {"action_time": "2021-09-23T11:51:21.296Z", "user": 1, "content_type": 8, "object_id": "210dbe51-9069-4883-be8c-7078a899a1cd", "object_repr": "Lemon $6", "action_flag": 1, "change_message": "[{\"added\": {}}]"}}, {"model": "admin.logentry", "pk": 11, "fields": {"action_time": "2021-09-23T11:51:53.623Z", "user": 1, "content_type": 8, "object_id": "f50b5d07-3068-47d1-b1bd-8f4f666a6548", "object_repr": "Pumpkin $7", "action_flag": 1, "change_message": "[{\"added\": {}}]"}}, {"model": "admin.logentry", "pk": 12, "fields": {"action_time": "2021-09-23T11:52:13.706Z", "user": 1, "content_type": 8, "object_id": "1f6a5451-ea4f-4dbe-80dd-6b0cc2923260", "object_repr": "Orange $3", "action_flag": 1, "change_message": "[{\"added\": {}}]"}}, {"model": "admin.logentry", "pk": 13, "fields": {"action_time": "2021-09-23T11:52:43.678Z", "user": 1, "content_type": 8, "object_id": "f2a11a72-361b-405f-ab31-2b314208368f", "object_repr": "Peache $6", "action_flag": 1, "change_message": "[{\"added\": {}}]"}}, {"model": "admin.logentry", "pk": 14, "fields": {"action_time": "2021-09-23T11:53:14.734Z", "user": 1, "content_type": 8, "object_id": "cbf6c60f-3074-4d95-9363-1e1dc3f96e73", "object_repr": "Tomatoe $4", "action_flag": 1, "change_message": "[{\"added\": {}}]"}}, {"model": "admin.logentry", "pk": 15, "fields": {"action_time": "2021-09-23T11:53:53.465Z", "user": 1, "content_type": 8, "object_id": "044cb8d1-9295-4f9e-bbb9-2d1699ffd62d", "object_repr": "Garlic $8", "action_flag": 1, "change_message": "[{\"added\": {}}]"}}, {"model": "admin.logentry", "pk": 16, "fields": {"action_time": "2021-09-23T11:54:20.165Z", "user": 1, "content_type": 8, "object_id": "c5eb115e-5761-437b-9987-eb57bb89bdde", "object_repr": "Mushroom $7", "action_flag": 1, "change_message": "[{\"added\": {}}]"}}, {"model": "admin.logentry", "pk": 17, "fields": {"action_time": "2021-09-23T11:54:46.080Z", "user": 1, "content_type": 8, "object_id": "e2d6b00b-97ce-43e5-9ef7-0017ed8883e8", "object_repr": "Avocado $6", "action_flag": 1, "change_message": "[{\"added\": {}}]"}}, {"model": "admin.logentry", "pk": 18, "fields": {"action_time": "2021-09-23T11:55:09.500Z", "user": 1, "content_type": 8, "object_id": "fa80429d-d3b7-4058-8cad-35873e0209d2", "object_repr": "Blackberrie $11", "action_flag": 1, "change_message": "[{\"added\": {}}]"}}, {"model": "admin.logentry", "pk": 19, "fields": {"action_time": "2021-09-23T11:55:39.152Z", "user": 1, "content_type": 8, "object_id": "4a1bd774-4b74-41f1-ba44-124febc38925", "object_repr": "Celery $12", "action_flag": 1, "change_message": "[{\"added\": {}}]"}}, {"model": "admin.logentry", "pk": 20, "fields": {"action_time": "2021-09-23T15:06:15.140Z", "user": 1, "content_type": 8, "object_id": "504cfea1-9cb3-4c8d-9e9a-8e07e88aa407", "object_repr": "Apple $4", "action_flag": 2, "change_message": "[{\"changed\": {\"fields\": [\"Price\"]}}]"}}, {"model": "admin.logentry", "pk": 21, "fields": {"action_time": "2021-09-23T15:10:23.878Z", "user": 1, "content_type": 8, "object_id": "e7c14801-c970-4de9-84d8-9cdc8bcf895c", "object_repr": "Something expensive $90", "action_flag": 2, "change_message": "[{\"changed\": {\"fields\": [\"Price\"]}}]"}}, {"model": "admin.logentry", "pk": 22, "fields": {"action_time": "2021-09-23T15:12:13.892Z", "user": 1, "content_type": 8, "object_id": "e7c14801-c970-4de9-84d8-9cdc8bcf895c", "object_repr": "Something expensive $100", "action_flag": 2, "change_message": "[{\"changed\": {\"fields\": [\"Price\"]}}]"}}, {"model": "admin.logentry", "pk": 23, "fields": {"action_time": "2021-09-23T15:22:48.103Z", "user": 1, "content_type": 8, "object_id": "e7c14801-c970-4de9-84d8-9cdc8bcf895c", "object_repr": "Something expensive $90", "action_flag": 2, "change_message": "[{\"changed\": {\"fields\": [\"Price\"]}}]"}}, {"model": "admin.logentry", "pk": 24, "fields": {"action_time": "2021-09-23T15:38:27.281Z", "user": 1, "content_type": 8, "object_id": "210dbe51-9069-4883-be8c-7078a899a1cd", "object_repr": "Lemon", "action_flag": 2, "change_message": "[{\"changed\": {\"fields\": [\"Price\"]}}]"}}, {"model": "admin.logentry", "pk": 25, "fields": {"action_time": "2021-09-23T15:38:32.765Z", "user": 1, "content_type": 8, "object_id": "fa80429d-d3b7-4058-8cad-35873e0209d2", "object_repr": "Blackberrie", "action_flag": 2, "change_message": "[{\"changed\": {\"fields\": [\"Price\"]}}]"}}, {"model": "admin.logentry", "pk": 26, "fields": {"action_time": "2021-09-23T15:38:43.038Z", "user": 1, "content_type": 8, "object_id": "e7c14801-c970-4de9-84d8-9cdc8bcf895c", "object_repr": "Something expensive", "action_flag": 2, "change_message": "[{\"changed\": {\"fields\": [\"Price\", \"Seller\"]}}]"}}, {"model": "admin.logentry", "pk": 27, "fields": {"action_time": "2021-09-23T15:38:52.467Z", "user": 1, "content_type": 8, "object_id": "c593fe03-145b-46bb-bd84-59f629b6267c", "object_repr": "Pineapple", "action_flag": 2, "change_message": "[{\"changed\": {\"fields\": [\"Price\", \"Seller\"]}}]"}}, {"model": "admin.logentry", "pk": 28, "fields": {"action_time": "2021-09-23T15:38:58.820Z", "user": 1, "content_type": 8, "object_id": "70046592-2d50-4080-a497-cd64057bd95a", "object_repr": "Banana", "action_flag": 2, "change_message": "[{\"changed\": {\"fields\": [\"Price\"]}}]"}}, {"model": "admin.logentry", "pk": 29, "fields": {"action_time": "2021-09-23T15:39:07.238Z", "user": 1, "content_type": 8, "object_id": "59ee489b-f9f4-4334-a3cb-2bf5f1f0ef11", "object_repr": "Grape", "action_flag": 2, "change_message": "[{\"changed\": {\"fields\": [\"Price\"]}}]"}}, {"model": "admin.logentry", "pk": 30, "fields": {"action_time": "2021-09-23T15:39:18.173Z", "user": 1, "content_type": 8, "object_id": "044cb8d1-9295-4f9e-bbb9-2d1699ffd62d", "object_repr": "Garlic", "action_flag": 2, "change_message": "[{\"changed\": {\"fields\": [\"Price\"]}}]"}}, {"model": "admin.logentry", "pk": 31, "fields": {"action_time": "2021-09-23T15:39:24.525Z", "user": 1, "content_type": 8, "object_id": "c593fe03-145b-46bb-bd84-59f629b6267c", "object_repr": "Pineapple", "action_flag": 2, "change_message": "[{\"changed\": {\"fields\": [\"Price\"]}}]"}}, {"model": "admin.logentry", "pk": 32, "fields": {"action_time": "2021-09-23T15:39:30.958Z", "user": 1, "content_type": 8, "object_id": "cbf6c60f-3074-4d95-9363-1e1dc3f96e73", "object_repr": "Tomatoe", "action_flag": 2, "change_message": "[{\"changed\": {\"fields\": [\"Price\"]}}]"}}, {"model": "admin.logentry", "pk": 33, "fields": {"action_time": "2021-09-23T15:39:37.767Z", "user": 1, "content_type": 8, "object_id": "c5eb115e-5761-437b-9987-eb57bb89bdde", "object_repr": "Mushroom", "action_flag": 2, "change_message": "[{\"changed\": {\"fields\": [\"Price\"]}}]"}}, {"model": "admin.logentry", "pk": 34, "fields": {"action_time": "2021-09-25T10:00:00.846Z", "user": 1, "content_type": 8, "object_id": "f50b5d07-3068-47d1-b1bd-8f4f666a6548", "object_repr": "Pumpkin", "action_flag": 2, "change_message": "[{\"changed\": {\"fields\": [\"Price\"]}}]"}}]